{"cameraMode":{"drawMode":0,"name":"Shaded","section":"Shading Mode"},"sceneLighting":true,"audioPlay":false,"sceneViewState":{"m_AlwaysRefresh":true,"showFog":true,"showSkybox":true,"showFlares":true,"showImageEffects":true,"showParticleSystems":true,"showVisualEffectGraphs":true,"m_FxEnabled":true},"in2DMode":false,"pivot":{"x":-0.7842369079589844,"y":0.7552924156188965,"z":0.3449258804321289},"rotation":{"x":-0.08032358437776566,"y":0.8918668031692505,"z":-0.17504961788654328,"w":-0.4092435836791992},"size":5.7549357414245609,"orthographic":false}