{"cameraMode":{"drawMode":0,"name":"Shaded","section":"Shading Mode"},"sceneLighting":true,"audioPlay":false,"sceneViewState":{"m_AlwaysRefresh":true,"showFog":true,"showSkybox":true,"showFlares":true,"showImageEffects":true,"showParticleSystems":true,"showVisualEffectGraphs":true,"m_FxEnabled":true},"in2DMode":false,"pivot":{"x":0.018020540475845338,"y":1.2668817043304444,"z":3.7697017192840578},"rotation":{"x":-0.037787675857543948,"y":0.02757394127547741,"z":-0.001032353611662984,"w":-0.9989272356033325},"size":1.1245520114898682,"orthographic":false}